{
  "features_incremental": {
    "epochs": [
      5,
      10,
      15,
      20,
      25,
      30,
      35,
      40,
      45
    ],
    "metrics": {
      "progress": [
        0.1111111111111111,
        0.2222222222222222,
        0.3333333333333333,
        0.4444444444444444,
        0.5555555555555556,
        0.6666666666666666,
        0.7777777777777778,
        0.8888888888888888,
        1.0
      ]
    }
  },
  "features": {
    "epochs": [
      0
    ],
    "metrics": {}
  },
  "xgboost": {
    "epochs": [
      12
    ],
    "metrics": {
      "train_accuracy": [
        1.0
      ],
      "val_accuracy": [
        0.42857142857142855
      ],
      "best_iteration": [
        12.0
      ],
      "test_accuracy": [
        0.5714285714285714
      ],
      "test_accuracy_yellow": [
        1.0
      ],
      "test_accuracy_green": [
        0.0
      ],
      "test_accuracy_purple": [
        1.0
      ]
    }
  }
}